title,address,recommended_units,review_score,final_price
Hotel Parque das Aguas,Aracaju,"Quarto Standard com 2 Camas de Solteiro
2 camas de solteiro
Café da manhã incluído
Não requer pré-pagamento – pague na acomodação","Com nota 7,9
7,9
Bom
4.927 avaliações",R$ 203
Simas Praia Hotel,Aracaju,"Quarto Duplo Standard
1 cama de casal
Café da manhã incluído
Restam 4 quartos por esse preço no nosso site","Com nota 8,4
8,4
Muito bom
1.908 avaliações",R$ 257
Tropical Mar Hotel,Aracaju,"Quarto com Cama de Casal ou 2 de Solteiro
3 camas (2 de solteiro, 1 king-size)
Café da manhã incluído
Não requer pré-pagamento – pague na acomodação
Restam 5 quartos por esse preço no nosso site","Com nota 6,8
6,8
Nota
1.132 avaliações",R$ 250
Rede Andrade Aracaju,Aracaju,"Quarto Duplo
1 cama de casal
Café da manhã incluído
Restam 3 quartos por esse preço no nosso site","Com nota 7,8
7,8
Bom
1.872 avaliações",R$ 147
Hotel da Costa By Nobile,Aracaju,"Quarto Duplo Standard
1 cama de casal
Café da manhã incluído
Cancelamento grátis
Restam 2 quartos por esse preço no nosso site","Com nota 8,7
8,7
Fabuloso
2.119 avaliações",R$ 449
Real Classic Hotel,Aracaju,"Quarto com 2 Camas de Solteiro
2 camas de solteiro
Café da manhã incluído
Cancelamento grátis
Não requer pré-pagamento – pague na acomodação
Resta 1 quarto por esse preço no nosso site","Com nota 7,6
7,6
Bom
2.235 avaliações",R$ 444
Hotel Pousada do Sol,Aracaju,"Quarto Master
1 cama de casal
Café da manhã incluído
Restam 2 quartos por esse preço no nosso site","Com nota 8,6
8,6
Fabuloso
1.652 avaliações",R$ 468
Pousada Águas Douradas,Aracaju,"Quarto Duplo
1 cama de casal
Café da manhã incluído
Resta 1 quarto por esse preço no nosso site","Com nota 8,3
8,3
Muito bom
1.217 avaliações",R$ 153
Celi Hotel Aracaju,Aracaju,"Quarto Clássico com 2 Camas de Solteiro
2 camas de solteiro
Café da manhã incluído
Restam 5 quartos por esse preço no nosso site","Com nota 8,9
8,9
Fabuloso
1.324 avaliações",R$ 642
Real Praia Hotel,Aracaju,"Quarto Duplo
1 cama de casal
Café da manhã incluído
Restam 5 quartos por esse preço no nosso site","Com nota 7,7
7,7
Bom
2.423 avaliações",R$ 319
Vidam Hotel Aracaju - Transamerica Collection,Aracaju,"Quarto Superior com 2 Camas de Casal e Vista da Cidade
2 camas de casal
Café da manhã incluído
Restam 2 quartos por esse preço no nosso site","Com nota 9,2
9,2
Fantástico
1.120 avaliações",R$ 985
Pousada Santa Fé,Aracaju,"Quarto com Cama de Casal ou 2 de Solteiro
Camas: 1 de casal ou 2 de solteiro
Café da manhã incluído
Restam 2 quartos por esse preço no nosso site","Com nota 8,3
8,3
Muito bom
779 avaliações",R$ 209
Sandrin Praia Hotel,Aracaju,"Quarto com 2 Camas de Solteiro
2 camas de solteiro
Café da manhã incluído","Com nota 8,5
8,5
Muito bom
950 avaliações",R$ 460
Aruanã Eco Praia Hotel,Aracaju,"Quarto Premium
Camas: 1 de casal ou 2 de solteiro
Café da manhã incluído
Resta 1 quarto por esse preço no nosso site","Com nota 8,7
8,7
Fabuloso
797 avaliações",R$ 830
Hotel Rekinte,Aracaju,"Quarto Duplo
1 cama de casal
Café da manhã incluído
Restam 3 quartos por esse preço no nosso site","Com nota 7,3
7,3
Bom
1.469 avaliações",R$ 234
ARCUS Hotel By Atlântica,Aracaju,"Quarto Duplo com Cama Extra
2 camas (1 de solteiro, 1 de casal)
Café da manhã incluído
Resta 1 quarto por esse preço no nosso site","Com nota 8,5
8,5
Muito bom
1.883 avaliações",R$ 612
Pousada dos Caminhos,Aracaju,"Suíte
Suíte privativa
2 camas (1 de solteiro, 1 king-size)
Café da manhã incluído","Com nota 8,3
8,3
Muito bom
441 avaliações",R$ 204
Basic Hotel Praia,Aracaju,"Quarto Duplo Standard
1 cama de casal
Restam 5 quartos por esse preço no nosso site","Com nota 7,0
7,0
Bom
215 avaliações",R$ 135
Atalaia Apart Hotel,Aracaju,"Quarto Triplo Standard
Diversos tipos de cama
Café da manhã incluído
Resta 1 quarto por esse preço no nosso site","Com nota 8,7
8,7
Fabuloso
619 avaliações",R$ 320
Primme Hotel Aracaju,Aracaju,"Quarto Triplo Standard
Diversos tipos de cama
Café da manhã incluído
Resta 1 quarto por esse preço no nosso site","Com nota 7,6
7,6
Bom
1.105 avaliações",R$ 267
Alto da Praia Hotel,Aracaju,"Quarto Duplo com Banheiro Privativo
1 cama de casal
Café da manhã incluído
Restam 7 quartos por esse preço no nosso site","Com nota 7,8
7,8
Bom
197 avaliações",R$ 185
Hotel Algas Marinhas,Aracaju,"Quarto Duplo Standard
1 cama de casal
Café da manhã incluído","Com nota 7,2
7,2
Bom
589 avaliações",R$ 302
Infinity Pousada,Aracaju,"Quarto com 2 Camas de Solteiro
2 camas de solteiro
Café da manhã incluído","Com nota 8,1
8,1
Muito bom
1.610 avaliações",R$ 133
Tropical Praia Hotel,Aracaju,"Quarto com 2 Camas de Solteiro
2 camas de solteiro
Café da manhã incluído
Não requer pré-pagamento – pague na acomodação
Restam 3 quartos por esse preço no nosso site","Com nota 7,4
7,4
Bom
796 avaliações",R$ 250
Hotel Praia e Mar,Aracaju,"Quarto com Cama de Casal ou 2 de Solteiro
2 camas (1 de solteiro, 1 de casal)
Café da manhã incluído
Restam 4 quartos por esse preço no nosso site","Com nota 8,2
8,2
Muito bom
1.036 avaliações",R$ 225
Celi Connect Hotel Orla Aracaju,Aracaju,"Apartamento com 3 Camas de Solteiro
Apartamento inteiro • 1 quarto • 1 banheiro • 12 m²
3 camas de solteiro
Cancelamento grátis","Com nota 7,6
7,6
Bom
5.299 avaliações",R$ 307
Hotel Litoral,Aracaju,"Quarto Duplo
Camas: 1 de casal ou 2 de solteiro
Café da manhã incluído
Restam 3 quartos por esse preço no nosso site","Com nota 8,4
8,4
Muito bom
363 avaliações",R$ 260
Nascimento Praia Hotel,Aracaju,"Quarto com 2 Camas de Solteiro
2 camas de solteiro
Café da manhã incluído
Restam 4 quartos por esse preço no nosso site","Com nota 8,1
8,1
Muito bom
676 avaliações",R$ 265
HANNA Arcos d'Atalaia Hotel - Aracaju,Aracaju,"Quarto Duplo
Camas: 1 de casal ou 2 de solteiro
Café da manhã incluído
Resta 1 quarto por esse preço no nosso site","Com nota 6,0
6,0
Nota
2.245 avaliações",R$ 189
Pousada Raio de Sol,Aracaju,"Quarto Triplo
3 camas de solteiro
Café da manhã incluído","Com nota 7,8
7,8
Bom
2.992 avaliações",R$ 208
Aquarios Praia Hotel,Aracaju,"Quarto Duplo Standard
1 cama de casal
Café da manhã incluído
Cancelamento grátis
Não requer pré-pagamento – pague na acomodação
Restam 3 quartos por esse preço no nosso site","Com nota 8,5
8,5
Muito bom
2.698 avaliações",R$ 720
Vila Aju - Pousada Temática,Aracaju,"Chalé
Chalé inteiro • 1 quarto • 1 banheiro
1 cama de casal grande
Café da manhã incluído
Resta 1 unidade por esse preço no nosso site","Com nota 8,4
8,4
Muito bom
1.542 avaliações",R$ 270
Pousada São Luiz,Aracaju,"Quarto Duplo
1 cama de casal
Café da manhã incluído
Restam 6 quartos por esse preço no nosso site","Com nota 8,2
8,2
Muito bom
543 avaliações",R$ 198
San Manuel Praia Hotel,Aracaju,"Quarto Deluxe com Cama de Casal ou 2 de Solteiro
Diversos tipos de cama
Café da manhã incluído
Cancelamento grátis
Restam 4 quartos por esse preço no nosso site","Com nota 8,3
8,3
Muito bom
665 avaliações",R$ 425
Araras Praia Hotel,Aracaju,"Quarto Duplo Standard
1 cama de casal
Café da manhã incluído","Com nota 7,6
7,6
Bom
317 avaliações",R$ 200
Hotel Aracaju Suites,Aracaju,"Apartamento Standard
Apartamento inteiro • 1 quarto • 1 banheiro • 15 m²
1 cama de casal
Não requer pré-pagamento – pague na acomodação
Restam 5 unidades por esse preço no nosso site","Com nota 6,9
6,9
Nota
1.081 avaliações",R$ 159
Rede Andrade Jangadeiro,Aracaju,"Quarto Duplo
1 cama de casal
Café da manhã incluído
Restam 4 quartos por esse preço no nosso site","Com nota 7,8
7,8
Bom
875 avaliações",R$ 180
Marezzi Hotel Aracaju,Aracaju,"Quarto Duplo
1 cama de casal
Café da manhã incluído","Com nota 8,0
8,0
Muito bom
1.611 avaliações",R$ 342
FPH Hotel,Aracaju,"Quarto Triplo Standard
Diversos tipos de cama
Café da manhã incluído
Não requer pré-pagamento – pague na acomodação
Restam 4 quartos por esse preço no nosso site","Com nota 8,1
8,1
Muito bom
1.506 avaliações",R$ 370
Hotel Pousada do Farol,Aracaju,"Quarto com 2 Camas de Solteiro
2 camas de solteiro
Café da manhã incluído
Cancelamento grátis
Não requer pré-pagamento – pague na acomodação","Com nota 8,3
8,3
Muito bom
1.442 avaliações",R$ 229
Pousada Lua Cheia,Aracaju,"Quarto Standard com 2 Camas de Solteiro
2 camas de solteiro
Resta 1 quarto por esse preço no nosso site","Com nota 7,3
7,3
Bom
563 avaliações",R$ 135
Pousada Encantare,Aracaju,"Quarto Duplo
1 cama de casal
Café da manhã incluído
Resta 1 quarto por esse preço no nosso site","Com nota 8,9
8,9
Fabuloso
819 avaliações",R$ 540
Recanto da Orla,Aracaju,"Apartamento Standard
Apartamento inteiro • 1 quarto • 1 banheiro • 35 m²
2 camas (1 de solteiro, 1 de casal)
Café da manhã incluído
Restam 7 unidades por esse preço no nosso site","Com nota 7,5
7,5
Bom
650 avaliações",R$ 208
Jatobá Praia Hotel,Aracaju,"Quarto Standard com Cama de Casal ou 2 de Solteiro
Camas: 1 de casal ou 2 de solteiro
Café da manhã incluído
Cancelamento grátis
Não requer pré-pagamento – pague na acomodação
Restam 3 quartos por esse preço no nosso site","Com nota 9,1
9,1
Fantástico
1.110 avaliações",R$ 470
Hotel Terra do Sol,Aracaju,"Quarto com 2 Camas de Solteiro
2 camas de solteiro
Café da manhã incluído
Não requer pré-pagamento – pague na acomodação","Com nota 7,9
7,9
Bom
1.526 avaliações",R$ 272
Pousada Aruana Praia,Aracaju,"Quarto Duplo
Camas: 1 de casal ou 2 de solteiro","Com nota 8,0
8,0
Muito bom
543 avaliações",R$ 171
Suítes Mar Azul,Aracaju,"Quarto Duplo Econômico
1 cama de casal
Resta 1 quarto por esse preço no nosso site","Com nota 6,6
6,6
Nota
256 avaliações",R$ 80
Pousada Aruamar,Aracaju,"Quarto Duplo
1 cama de casal
Resta 1 quarto por esse preço no nosso site","Com nota 8,5
8,5
Muito bom
324 avaliações",R$ 130
Pousada Valmar,Aracaju,"Quarto Duplo
1 cama de casal
Café da manhã incluído
Resta 1 quarto por esse preço no nosso site","Com nota 8,8
8,8
Fabuloso
238 avaliações",R$ 200
Pousada Aracaju,Aracaju,"Quarto Duplo
1 cama de casal
Café da manhã incluído
Cancelamento grátis
Resta 1 quarto por esse preço no nosso site","Com nota 7,1
7,1
Bom
310 avaliações",R$ 180
Pousada Brisa Rio,Aracaju,"Suíte
Suíte privativa
1 cama de casal
Restam 2 unidades por esse preço no nosso site","Com nota 8,2
8,2
Muito bom
4 avaliações",R$ 87
Pousada Acalanto,Aracaju,"Suíte Standard
Suíte privativa
2 camas (1 de solteiro, 1 de casal)
Restam 4 unidades por esse preço no nosso site","Com nota 8,6
8,6
Fabuloso
324 avaliações",R$ 151
Villa Atalaia,Aracaju,"Quarto Triplo Comfort
2 camas (1 de solteiro, 1 de casal)
Restam 4 quartos por esse preço no nosso site","Com nota 9,0
9,0
Fantástico
251 avaliações",R$ 180
Pousada Villa Grécia,Aracaju,"Quarto Triplo
2 camas (1 de solteiro, 1 de casal)
Café da manhã incluído
Restam 2 quartos por esse preço no nosso site","Com nota 8,3
8,3
Muito bom
129 avaliações",R$ 285
Pousada Panorâmica,Aracaju,"Quarto com 2 Camas de Solteiro
2 camas de solteiro
Café da manhã incluído
Restam 7 quartos por esse preço no nosso site","Com nota 7,6
7,6
Bom
167 avaliações",R$ 189
Pousada Brisa do Mar,Aracaju,"Quarto Duplo
1 cama de casal
Café da manhã incluído
Restam 3 quartos por esse preço no nosso site","Com nota 5,0
5,0
Nota
17 avaliações",R$ 180
Villa Prime Beach Flats,Aracaju,"Apartamento com Vista do Mar
Apartamento inteiro • 2 quartos • 1 sala • 3 banheiros • 1 cozinha • 130 m²
4 camas (2 de solteiro, 1 de casal, 1 sofá-cama)
Café da manhã incluído","Com nota 9,7
9,7
Excepcional
9 avaliações",R$ 729
